Id	Description
Q8F7D7	Q8F7D7
Q8CVF4	Q8CVF4
Q8EXH2	Q8EXH2
Q8EXH1	Q8EXH1
Q8EZT8	Q8EZT8
Q8F7P9	Q8F7P9
Q8F7Q7	Q8F7Q7
Q8F7Q5	Q8F7Q5
Q8F145	Q8F145
Q8F3U4	Q8F3U4
Q8F2Z5	Q8F2Z5
Q8EZC5	Q8EZC5
Q8EXC3	Q8EXC3
P59115	P59115
Q8CVE0	Q8CVE0
Q8F2I9	Q8F2I9
Q8F4J3	Q8F4J3
Q8F937	Q8F937
Q8F4J1	Q8F4J1
Q8EZP1	Q8EZP1
Q8F4J2	Q8F4J2
Q8F778	Q8F778
Q8F134	Q8F134
G1UB19	G1UB19
P97041	P97041
Q8F9F8	Q8F9F8
Q8CVD8	Q8CVD8
P59247	P59247
Q8F9F2	Q8F9F2
Q8F9F3	Q8F9F3
Q8EZN3	Q8EZN3
Q8EZS4	Q8EZS4
Q8F724	Q8F724
G1UB20	G1UB20
Q8EYY4	Q8EYY4
Q8F005	Q8F005
Q8F641	Q8F641
Q8F1W7	Q8F1W7
Q8F002	Q8F002
Q8EXA4	Q8EXA4
Q8F7A3	Q8F7A3
Q8EYK8	Q8EYK8
P59219	P59219
Q8F8K3	Q8F8K3
Q8F6H0	Q8F6H0
Q8F636	Q8F636
Q8F7R0	Q8F7R0
Q8F7V4	Q8F7V4
Q8F397	Q8F397
Q8F6T0	Q8F6T0
